indice_a,classe_a,indice_b,classe_b,similaridade_cosseno,distancia_cosseno
3757,7,4906,9,0.9366842029061778,0.06331579709382218
1611,3,4227,8,0.9309376220059495,0.06906237799405046
142,10,653,1,0.9231957287431617,0.07680427125683831
997,1,3895,7,0.9205451882943785,0.07945481170562152
3856,7,4696,9,0.9195239128419549,0.0804760871580451
1611,3,4104,8,0.9188131696366517,0.08118683036334828
3771,7,4906,9,0.9186420372564927,0.08135796274350726
745,1,3895,7,0.9165028723784584,0.0834971276215416
2908,5,3011,6,0.9142516803820127,0.08574831961798735
1701,3,3650,7,0.9133789007177043,0.08662109928229567
