iterations,lambda,gradient_descent_validation_accuracy,conjugate_gradient_validation_accuracy
50,0.0,79.5,93.0
50,0.001,79.5,91.5
50,0.003,79.5,92.5
50,0.01,79.5,92.0
50,0.03,79.5,92.5
50,0.1,79.5,92.5
50,0.3,79.5,91.5
50,1.0,79.5,93.0
50,3.0,79.5,92.0
50,10.0,79.0,90.5
100,0.0,85.0,93.0
100,0.001,85.0,93.0
100,0.003,85.0,93.5
100,0.01,85.0,94.5
100,0.03,85.0,92.5
100,0.1,85.0,92.5
100,0.3,85.0,93.5
100,1.0,85.0,94.5
100,3.0,84.5,92.0
100,10.0,84.0,92.0
200,0.0,90.0,93.0
200,0.001,90.0,92.0
200,0.003,90.0,92.0
200,0.01,90.0,93.0
200,0.03,90.0,92.0
200,0.1,90.0,92.5
200,0.3,90.0,93.0
200,1.0,90.0,94.0
200,3.0,90.0,93.5
200,10.0,89.5,92.0
400,0.0,91.0,93.5
400,0.001,91.0,92.5
400,0.003,91.0,92.5
400,0.01,91.0,92.5
400,0.03,91.0,93.0
400,0.1,91.0,93.5
400,0.3,91.0,94.0
400,1.0,91.0,93.5
400,3.0,91.0,95.0
400,10.0,90.0,92.0
800,0.0,92.0,93.5
800,0.001,92.0,92.5
800,0.003,92.0,92.5
800,0.01,92.0,92.0
800,0.03,92.0,93.5
800,0.1,92.0,95.0
800,0.3,91.5,94.5
800,1.0,91.5,94.5
800,3.0,91.5,94.0
800,10.0,90.0,92.0
